bias,time,
0,1615879155.43924,
0,1615879155.63849,
0,1615879155.84002,
0,1615879156.04243,
0,1615879156.24279,
0,1615879156.44511,
0,1615879156.64653,
0,1615879156.84835,
0,1615879157.0499,
0,1615879157.25065,
0,1615879157.45365,
0,1615879157.65412,
0,1615879157.85641,
0,1615879158.0571,
0,1615879158.25954,
0,1615879158.46038,
0,1615879158.662,
0,1615879158.86424,
0,1615879159.06453,
0,1615879159.26632,
0,1615879159.4693,
0,1615879159.66971,
0,1615879159.87141,
0,1615879160.07347,
0,1615879160.27369,
0,1615879160.47685,
0,1615879160.67639,
0,1615879160.88163,
0,1615879161.08257,
0,1615879161.28333,
0,1615879161.4858,
0,1615879161.68614,
0,1615879161.89463,
0,1615879162.09578,
0,1615879162.29806,
0,1615879162.50039,
0,1615879162.70093,
0,1615879162.9006,
0,1615879163.10243,
0,1615879163.30491,
0,1615879163.50688,
0,1615879163.70724,
0,1615879163.91134,
0,1615879164.11206,
0,1615879164.31388,
0,1615879164.51498,
0,1615879164.71762,
0,1615879164.9198,
0,1615879165.11888,
0,1615879165.32198,
0,1615879165.52408,
0,1615879165.72504,
0,1615879165.92771,
0,1615879166.13117,
0,1615879166.33081,
0,1615879166.5333,
0,1615879166.73634,
0,1615879166.93864,
0,1615879167.14095,
0,1615879167.34321,
0,1615879167.54366,
0,1615879167.74539,
0,1615879167.94797,
0,1615879168.14993,
0,1615879168.35209,
0,1615879168.55366,
0,1615879168.75587,
0,1615879168.95696,
0,1615879169.16023,
0,1615879169.36388,
0,1615879169.56304,
0,1615879169.76488,
0,1615879169.96888,
0,1615879170.17132,
0,1615879170.37181,
0,1615879170.57589,
0,1615879170.7776,
0,1615879170.97866,
0,1615879171.17972,
0,1615879171.3814,
0,1615879171.58334,
0,1615879171.78486,
0,1615879171.98695,
0,1615879172.1894,
0,1615879172.39139,
0,1615879172.5925,
0,1615879172.79501,
0,1615879172.99984,
0,1615879173.20409,
0,1615879173.40807,
0,1615879173.60897,
0,1615879173.81091,
0,1615879174.01367,
0,1615879174.21362,
0,1615879174.4169,
0,1615879174.61795,
0,1615879174.8208,
0,1615879175.0205,
0,1615879175.22237,
0,1615879175.42517,
0,1615879175.62674,
0,1615879175.82831,
0,1615879176.03161,
0,1615879176.23217,
0,1615879176.43436,
0,1615879176.6357,
0,1615879176.83729,
0,1615879177.03947,
0,1615879177.24291,
0,1615879177.44327,
0,1615879177.64448,
0,1615879177.84718,
0,1615879178.04846,
0,1615879178.24891,
0,1615879178.45177,
0,1615879178.65349,
0,1615879178.85558,
0,1615879179.05589,
0,1615879179.25888,
0,1615879179.4616,
0,1615879179.66269,
0,1615879179.8651,
0,1615879180.06397,
0,1615879180.26615,
0,1615879180.4683,
0,1615879180.67163,
0,1615879180.87153,
0,1615879181.07424,
0,1615879181.27657,
0,1615879181.47887,
0,1615879181.68116,
0,1615879181.88243,
0,1615879182.09187,
0,1615879182.29362,
0,1615879182.4934,
0,1615879182.69678,
0,1615879182.89904,
0,1615879183.10262,
0,1615879183.30465,
0,1615879183.50982,
0,1615879183.70966,
0,1615879183.91177,
0,1615879184.1143,
0,1615879184.31539,
0,1615879184.51677,
0,1615879184.71901,
0,1615879184.92018,
0,1615879185.12314,
0,1615879185.32968,
0,1615879185.532,
0,1615879185.73396,
0,1615879185.93434,
0,1615879186.13708,
0,1615879186.3389,
0,1615879186.54157,
0,1615879186.74305,
0,1615879186.94272,
0,1615879187.14594,
0,1615879187.34692,
0,1615879187.54991,
0,1615879187.75169,
0,1615879187.95267,
0,1615879188.157,
0,1615879188.36032,
0,1615879188.56109,
0,1615879188.76319,
0,1615879188.96595,
0,1615879189.1656,
0,1615879189.36858,
0,1615879189.56849,
0,1615879189.77081,
0,1615879189.97256,
0,1615879190.17608,
0,1615879190.37625,
0,1615879190.57826,
0,1615879190.77906,
0,1615879190.98159,
0,1615879191.18219,
0,1615879191.38568,
0,1615879191.58772,
0,1615879191.78966,
0,1615879191.99146,
0,1615879192.19199,
0,1615879192.39655,
0,1615879192.59579,
0,1615879192.79931,
0,1615879193.00076,
0,1615879193.20149,
0,1615879193.40241,
0,1615879193.60489,
0,1615879193.80633,
0,1615879194.00907,
0,1615879194.21026,
0,1615879194.41181,
0,1615879194.61423,
0,1615879194.8159,
0,1615879195.01781,
0,1615879195.21964,
0,1615879195.42031,
0,1615879195.62341,
0,1615879195.82786,
0,1615879196.02893,
0,1615879196.22934,
0,1615879196.43067,
0,1615879196.63277,
0,1615879196.83497,
0,1615879197.03631,
0,1615879197.24014,
0,1615879197.44107,
0,1615879197.64253,
0,1615879197.84602,
0,1615879198.04625,
0,1615879198.25228,
0,1615879198.45274,
0,1615879198.65449,
0,1615879198.85555,
0,1615879199.05862,
0,1615879199.26055,
0,1615879199.46472,
0,1615879199.6663,
0,1615879199.86672,
0,1615879200.07046,
0,1615879200.27339,
0,1615879200.47327,
0,1615879200.67591,
0,1615879200.87592,
0,1615879201.07832,
0,1615879201.27881,
0,1615879201.48213,
0,1615879201.68338,
0,1615879201.88362,
0,1615879202.08611,
0,1615879202.28738,
0,1615879202.49069,
0,1615879202.69526,
0,1615879202.89677,
0,1615879203.09766,
0,1615879203.3041,
0,1615879203.5065,
0,1615879203.70823,
0,1615879203.90913,
0,1615879204.11237,
0,1615879204.31211,
0,1615879204.51514,
0,1615879204.71796,
0,1615879204.91673,
0,1615879205.11898,
0,1615879205.3214,
0,1615879205.52377,
0,1615879205.72582,
0,1615879205.92667,
0,1615879206.12944,
0,1615879206.33035,
0,1615879206.53249,
0,1615879206.73429,
0,1615879206.93746,
0,1615879207.13726,
0,1615879207.33908,
0,1615879207.54167,
0,1615879207.74376,
0,1615879207.94609,
0,1615879208.14601,
0,1615879208.34952,
0,1615879208.55199,
0,1615879208.75276,
0,1615879208.95435,
0,1615879209.15565,
0,1615879209.36004,
0,1615879209.56061,
0,1615879209.76123,
0,1615879209.96308,
0,1615879210.16382,
0,1615879210.36689,
0,1615879210.56903,
0,1615879210.77011,
0,1615879210.97129,
0,1615879211.17131,
0,1615879211.37366,
0,1615879211.57559,
0,1615879211.77842,
0,1615879211.97923,
0,1615879212.18287,
0,1615879212.38168,
0,1615879212.58528,
0,1615879212.78818,
0,1615879212.9896,
0,1615879213.1897,
0,1615879213.39138,
0,1615879213.59359,
0,1615879213.79471,
0,1615879213.99632,
0,1615879214.19836,
0,1615879214.39991,
0,1615879214.60373,
0,1615879214.80331,
0,1615879215.00561,
0,1615879215.20738,
0,1615879215.40809,
0,1615879215.6097,
0,1615879215.81089,
0.100000001490116,1615879216.01415,
0.100000001490116,1615879216.21451,
0.100000001490116,1615879216.41681,
0.100000001490116,1615879216.6195,
0.100000001490116,1615879216.82062,
0.100000001490116,1615879217.02162,
0.100000001490116,1615879217.22321,
0.100000001490116,1615879217.4264,
0.100000001490116,1615879217.63124,
0.100000001490116,1615879217.83246,
0.100000001490116,1615879218.03151,
0.100000001490116,1615879218.23526,
0.100000001490116,1615879218.4372,
0.100000001490116,1615879218.64026,
0.100000001490116,1615879218.84129,
0.100000001490116,1615879219.04247,
0.100000001490116,1615879219.24447,
0.100000001490116,1615879219.4479,
0.100000001490116,1615879219.64955,
0.100000001490116,1615879219.85174,
0.100000001490116,1615879220.05191,
0.100000001490116,1615879220.25297,
0.100000001490116,1615879220.45519,
0.100000001490116,1615879220.65838,
0.100000001490116,1615879220.85892,
0.100000001490116,1615879221.06191,
0.100000001490116,1615879221.26329,
0.100000001490116,1615879221.46433,
0.100000001490116,1615879221.66817,
0.100000001490116,1615879221.87233,
0.100000001490116,1615879222.07315,
0.100000001490116,1615879222.27509,
0.100000001490116,1615879222.47728,
0.100000001490116,1615879222.67792,
0.100000001490116,1615879222.87999,
0.100000001490116,1615879223.08038,
0.100000001490116,1615879223.28259,
0.100000001490116,1615879223.48437,
0.100000001490116,1615879223.68729,
0.100000001490116,1615879223.88922,
0.100000001490116,1615879224.09029,
0.100000001490116,1615879224.29208,
0.100000001490116,1615879224.49352,
0.100000001490116,1615879224.69621,
0.100000001490116,1615879224.89654,
0.100000001490116,1615879225.09972,
0.100000001490116,1615879225.30004,
0.100000001490116,1615879225.50251,
0.100000001490116,1615879225.70373,
0.100000001490116,1615879225.90639,
0.100000001490116,1615879226.10567,
0.100000001490116,1615879226.30832,
0.100000001490116,1615879226.51023,
0.100000001490116,1615879226.71082,
0.100000001490116,1615879226.91329,
0.100000001490116,1615879227.11595,
0.100000001490116,1615879227.31612,
0.100000001490116,1615879227.51868,
0.100000001490116,1615879227.71993,
0.100000001490116,1615879227.9226,
0.100000001490116,1615879228.1252,
0.100000001490116,1615879228.32647,
0.100000001490116,1615879228.52765,
0.100000001490116,1615879228.72862,
0.100000001490116,1615879228.92995,
0.100000001490116,1615879229.13208,
0.100000001490116,1615879229.33527,
0.100000001490116,1615879229.53492,
0.100000001490116,1615879229.73602,
0.100000001490116,1615879229.93856,
0.100000001490116,1615879230.14002,
0.100000001490116,1615879230.34146,
0.100000001490116,1615879230.54411,
0.100000001490116,1615879230.74419,
0.100000001490116,1615879230.94773,
0.100000001490116,1615879231.14995,
0.100000001490116,1615879231.3505,
0.100000001490116,1615879231.55112,
0.100000001490116,1615879231.75284,
0.100000001490116,1615879231.95635,
0.100000001490116,1615879232.15732,
0.100000001490116,1615879232.36105,
0.100000001490116,1615879232.56171,
0.100000001490116,1615879232.7637,
0.100000001490116,1615879232.96586,
0.100000001490116,1615879233.16718,
0.100000001490116,1615879233.36997,
0.100000001490116,1615879233.57106,
0.100000001490116,1615879233.77307,
0.100000001490116,1615879233.97394,
0.100000001490116,1615879234.17668,
0.100000001490116,1615879234.37804,
0.100000001490116,1615879234.57872,
0.100000001490116,1615879234.7805,
0.100000001490116,1615879234.98243,
0.100000001490116,1615879235.18519,
0.100000001490116,1615879235.39013,
0.100000001490116,1615879235.58866,
0.100000001490116,1615879235.79204,
0.100000001490116,1615879235.99267,
0.100000001490116,1615879236.19468,
0.100000001490116,1615879236.39709,
0.100000001490116,1615879236.59993,
0.100000001490116,1615879236.8025,
0.100000001490116,1615879237.00259,
0.100000001490116,1615879237.20558,
0.100000001490116,1615879237.407,
0.100000001490116,1615879237.60932,
0.100000001490116,1615879237.80972,
0.100000001490116,1615879238.01138,
0.100000001490116,1615879238.21362,
0.100000001490116,1615879238.41532,
0.100000001490116,1615879238.61781,
0.100000001490116,1615879238.81835,
0.100000001490116,1615879239.01972,
0.100000001490116,1615879239.22103,
0.100000001490116,1615879239.42252,
0.100000001490116,1615879239.6257,
0.100000001490116,1615879239.82691,
0.100000001490116,1615879240.0296,
0.100000001490116,1615879240.22901,
0.100000001490116,1615879240.43025,
0.100000001490116,1615879240.6329,
0.100000001490116,1615879240.83419,
0.100000001490116,1615879241.03641,
0.100000001490116,1615879241.23766,
0.100000001490116,1615879241.44082,
0.100000001490116,1615879241.64174,
0.100000001490116,1615879241.84266,
0.100000001490116,1615879242.04464,
0.100000001490116,1615879242.24621,
0.100000001490116,1615879242.4472,
0.100000001490116,1615879242.64825,
0.100000001490116,1615879242.85431,
0.100000001490116,1615879243.05345,
0.100000001490116,1615879243.25549,
0.100000001490116,1615879243.45744,
0.100000001490116,1615879243.65793,
0.100000001490116,1615879243.86187,
0.100000001490116,1615879244.06331,
0.100000001490116,1615879244.26469,
0.100000001490116,1615879244.46597,
0.100000001490116,1615879244.66919,
0.100000001490116,1615879244.8698,
0.100000001490116,1615879245.07278,
0.100000001490116,1615879245.27319,
0.100000001490116,1615879245.47527,
0.100000001490116,1615879245.68064,
0.100000001490116,1615879245.88228,
0.100000001490116,1615879246.08309,
0.100000001490116,1615879246.2854,
0.100000001490116,1615879246.48739,
0.100000001490116,1615879246.68665,
0.100000001490116,1615879246.89016,
0.100000001490116,1615879247.09278,
0.100000001490116,1615879247.29506,
0.100000001490116,1615879247.49618,
0.100000001490116,1615879247.69859,
0.100000001490116,1615879247.90036,
0.100000001490116,1615879248.10339,
0.100000001490116,1615879248.30503,
0.100000001490116,1615879248.50531,
0.100000001490116,1615879248.70968,
0.100000001490116,1615879248.9089,
0.100000001490116,1615879249.11136,
0.100000001490116,1615879249.31374,
0.100000001490116,1615879249.51598,
0.100000001490116,1615879249.71694,
0.100000001490116,1615879249.91739,
0.100000001490116,1615879250.11892,
0.100000001490116,1615879250.32331,
0.100000001490116,1615879250.52334,
0.100000001490116,1615879250.72442,
0.100000001490116,1615879250.92621,
0.100000001490116,1615879251.12821,
0.100000001490116,1615879251.3316,
0.100000001490116,1615879251.53136,
0.100000001490116,1615879251.73323,
0.100000001490116,1615879251.93609,
0.100000001490116,1615879252.13801,
0.100000001490116,1615879252.33944,
0.100000001490116,1615879252.5402,
0.100000001490116,1615879252.74026,
0.100000001490116,1615879252.94325,
0.100000001490116,1615879253.14654,
0.100000001490116,1615879253.34813,
0.100000001490116,1615879253.55013,
0.100000001490116,1615879253.75091,
0.100000001490116,1615879253.95296,
0.100000001490116,1615879254.15451,
0.100000001490116,1615879254.35582,
0.100000001490116,1615879254.55757,
0.100000001490116,1615879254.76058,
0.100000001490116,1615879254.96277,
0.100000001490116,1615879255.16461,
0.100000001490116,1615879255.36596,
0.100000001490116,1615879255.56885,
0.100000001490116,1615879255.76896,
0.100000001490116,1615879255.97245,
0.100000001490116,1615879256.17286,
0.100000001490116,1615879256.37385,
0.100000001490116,1615879256.57569,
0.100000001490116,1615879256.77849,
0.100000001490116,1615879256.98107,
0.100000001490116,1615879257.18329,
0.100000001490116,1615879257.38364,
0.100000001490116,1615879257.5839,
0.100000001490116,1615879257.78712,
0.100000001490116,1615879257.98916,
0.100000001490116,1615879258.19007,
0.100000001490116,1615879258.393,
0.100000001490116,1615879258.59435,
0.100000001490116,1615879258.79447,
0.100000001490116,1615879258.99747,
0.100000001490116,1615879259.19907,
0.100000001490116,1615879259.40162,
0.100000001490116,1615879259.60284,
0.100000001490116,1615879259.80635,
0.100000001490116,1615879260.00834,
0.100000001490116,1615879260.21368,
0.100000001490116,1615879260.41671,
0.100000001490116,1615879260.62216,
0.100000001490116,1615879260.81951,
0.100000001490116,1615879261.02218,
0.100000001490116,1615879261.22493,
0.100000001490116,1615879261.4255,
0.100000001490116,1615879261.62872,
0.100000001490116,1615879261.83161,
0.100000001490116,1615879262.03148,
0.100000001490116,1615879262.23566,
0.100000001490116,1615879262.437,
0.100000001490116,1615879262.63908,
0.100000001490116,1615879262.84059,
0.100000001490116,1615879263.0428,
0.100000001490116,1615879263.24444,
0.100000001490116,1615879263.44485,
0.100000001490116,1615879263.64882,
0.100000001490116,1615879263.85004,
0.100000001490116,1615879264.05171,
0.100000001490116,1615879264.25357,
0.100000001490116,1615879264.45395,
0.100000001490116,1615879264.65869,
0.100000001490116,1615879264.86277,
0.100000001490116,1615879265.06495,
0.100000001490116,1615879265.26708,
0.100000001490116,1615879265.46932,
0.100000001490116,1615879265.67068,
0.100000001490116,1615879265.87221,
0.100000001490116,1615879266.0733,
0.100000001490116,1615879266.27489,
0.100000001490116,1615879266.47761,
0.100000001490116,1615879266.6797,
0.100000001490116,1615879266.88067,
0.100000001490116,1615879267.08346,
0.100000001490116,1615879267.2841,
0.100000001490116,1615879267.48639,
0.100000001490116,1615879267.68652,
0.100000001490116,1615879267.88927,
0.100000001490116,1615879268.09415,
0.100000001490116,1615879268.29635,
0.100000001490116,1615879268.50069,
0.100000001490116,1615879268.7052,
0.100000001490116,1615879268.90717,
0.100000001490116,1615879269.11204,
0.100000001490116,1615879269.31357,
0.100000001490116,1615879269.51389,
0.100000001490116,1615879269.71713,
0.100000001490116,1615879269.91899,
0.100000001490116,1615879270.1213,
0.100000001490116,1615879270.32069,
0.100000001490116,1615879270.52327,
0.100000001490116,1615879270.72472,
0.100000001490116,1615879270.92752,
0.100000001490116,1615879271.1292,
0.100000001490116,1615879271.33194,
0.100000001490116,1615879271.53415,
0.100000001490116,1615879271.73526,
0.100000001490116,1615879271.93734,
0.100000001490116,1615879272.13832,
0.100000001490116,1615879272.34167,
0.100000001490116,1615879272.54298,
0.100000001490116,1615879272.7444,
0.100000001490116,1615879272.94463,
0.100000001490116,1615879273.14721,
0.100000001490116,1615879273.34951,
0.100000001490116,1615879273.55247,
0.100000001490116,1615879273.75296,
0.100000001490116,1615879273.95384,
0.100000001490116,1615879274.15502,
0.100000001490116,1615879274.35818,
0.100000001490116,1615879274.55986,
0.100000001490116,1615879274.76176,
0.100000001490116,1615879274.96212,
0.100000001490116,1615879275.1633,
0.100000001490116,1615879275.36605,
0.100000001490116,1615879275.56724,
0.100000001490116,1615879275.76971,
0.100000001490116,1615879275.97142,
0.100000001490116,1615879276.17292,
0.100000001490116,1615879276.37358,
0.200000002980232,1615879276.57595,
0.200000002980232,1615879276.77625,
0.200000002980232,1615879276.98088,
0.200000002980232,1615879277.18035,
0.200000002980232,1615879277.38176,
0.200000002980232,1615879277.5836,
0.200000002980232,1615879277.78436,
0.200000002980232,1615879277.98708,
0.200000002980232,1615879278.19014,
0.200000002980232,1615879278.39047,
0.200000002980232,1615879278.59228,
0.200000002980232,1615879278.79505,
0.200000002980232,1615879278.99616,
0.200000002980232,1615879279.19642,
0.200000002980232,1615879279.39868,
0.200000002980232,1615879279.60166,
0.200000002980232,1615879279.80335,
0.200000002980232,1615879280.00507,
0.200000002980232,1615879280.20563,
0.200000002980232,1615879280.40821,
0.200000002980232,1615879280.60908,
0.200000002980232,1615879280.81289,
0.200000002980232,1615879281.01456,
0.200000002980232,1615879281.21482,
0.200000002980232,1615879281.41788,
0.200000002980232,1615879281.61885,
0.200000002980232,1615879281.82682,
0.200000002980232,1615879282.02684,
0.200000002980232,1615879282.23049,
0.200000002980232,1615879282.43459,
0.200000002980232,1615879282.63284,
0.200000002980232,1615879282.83619,
0.200000002980232,1615879283.03553,
0.200000002980232,1615879283.23841,
0.200000002980232,1615879283.4391,
0.200000002980232,1615879283.64005,
0.200000002980232,1615879283.84271,
0.200000002980232,1615879284.04547,
0.200000002980232,1615879284.24551,
0.200000002980232,1615879284.44929,
0.200000002980232,1615879284.65073,
0.200000002980232,1615879284.85245,
0.200000002980232,1615879285.05328,
0.200000002980232,1615879285.25608,
0.200000002980232,1615879285.45629,
0.200000002980232,1615879285.65817,
0.200000002980232,1615879285.86162,
0.200000002980232,1615879286.06604,
0.200000002980232,1615879286.26765,
0.200000002980232,1615879286.47056,
0.200000002980232,1615879286.67069,
0.200000002980232,1615879286.87391,
0.200000002980232,1615879287.07657,
0.200000002980232,1615879287.27953,
0.200000002980232,1615879287.48059,
0.200000002980232,1615879287.68085,
0.200000002980232,1615879287.88389,
0.200000002980232,1615879288.08474,
0.200000002980232,1615879288.28819,
0.200000002980232,1615879288.48962,
0.200000002980232,1615879288.69093,
0.200000002980232,1615879288.8931,
0.200000002980232,1615879289.09563,
0.200000002980232,1615879289.29635,
0.200000002980232,1615879289.49906,
0.200000002980232,1615879289.70072,
0.200000002980232,1615879289.90163,
0.200000002980232,1615879290.10606,
0.200000002980232,1615879290.30781,
0.200000002980232,1615879290.50962,
0.200000002980232,1615879290.71256,
0.200000002980232,1615879290.91332,
0.200000002980232,1615879291.1156,
0.200000002980232,1615879291.31619,
0.200000002980232,1615879291.51714,
0.200000002980232,1615879291.71887,
0.200000002980232,1615879291.92224,
0.200000002980232,1615879292.12219,
0.200000002980232,1615879292.32542,
0.200000002980232,1615879292.5284,
0.200000002980232,1615879292.72791,
0.200000002980232,1615879292.9303,
0.200000002980232,1615879293.13411,
0.200000002980232,1615879293.33439,
0.200000002980232,1615879293.53658,
0.200000002980232,1615879293.73792,
0.200000002980232,1615879293.93982,
0.200000002980232,1615879294.14259,
0.200000002980232,1615879294.34307,
0.200000002980232,1615879294.54469,
0.200000002980232,1615879294.7473,
0.200000002980232,1615879294.94841,
0.200000002980232,1615879295.15121,
0.200000002980232,1615879295.35255,
0.200000002980232,1615879295.55482,
0.200000002980232,1615879295.75459,
0.200000002980232,1615879295.95739,
0.200000002980232,1615879296.1602,
0.200000002980232,1615879296.36206,
0.200000002980232,1615879296.56332,
0.200000002980232,1615879296.76545,
0.200000002980232,1615879296.96783,
0.200000002980232,1615879297.16789,
0.200000002980232,1615879297.37078,
0.200000002980232,1615879297.57247,
0.200000002980232,1615879297.77394,
0.200000002980232,1615879297.97466,
0.200000002980232,1615879298.17808,
0.200000002980232,1615879298.37888,
0.200000002980232,1615879298.57942,
0.200000002980232,1615879298.78089,
0.200000002980232,1615879298.98414,
0.200000002980232,1615879299.18731,
0.200000002980232,1615879299.38929,
0.200000002980232,1615879299.58993,
0.200000002980232,1615879299.79119,
0.200000002980232,1615879299.99522,
0.200000002980232,1615879300.19582,
0.200000002980232,1615879300.39834,
0.200000002980232,1615879300.59916,
0.200000002980232,1615879300.802,
0.200000002980232,1615879301.00238,
0.200000002980232,1615879301.20555,
0.200000002980232,1615879301.40562,
0.200000002980232,1615879301.6091,
0.200000002980232,1615879301.8095,
0.200000002980232,1615879302.01122,
0.200000002980232,1615879302.21358,
0.200000002980232,1615879302.41641,
0.200000002980232,1615879302.61784,
0.200000002980232,1615879302.82042,
0.200000002980232,1615879303.02122,
0.200000002980232,1615879303.22533,
0.200000002980232,1615879303.4282,
0.200000002980232,1615879303.62867,
0.200000002980232,1615879303.83101,
0.200000002980232,1615879304.0328,
0.200000002980232,1615879304.235,
0.200000002980232,1615879304.43576,
0.200000002980232,1615879304.64003,
0.200000002980232,1615879304.84005,
0.200000002980232,1615879305.0428,
0.200000002980232,1615879305.24365,
0.200000002980232,1615879305.44615,
0.200000002980232,1615879305.64756,
0.200000002980232,1615879305.85045,
0.200000002980232,1615879306.05075,
0.200000002980232,1615879306.25207,
0.200000002980232,1615879306.454,
0.200000002980232,1615879306.65483,
0.200000002980232,1615879306.85735,
0.200000002980232,1615879307.05989,
0.200000002980232,1615879307.26084,
0.200000002980232,1615879307.46386,
0.200000002980232,1615879307.66422,
0.200000002980232,1615879307.8674,
0.200000002980232,1615879308.0684,
0.200000002980232,1615879308.27305,
0.200000002980232,1615879308.47433,
0.200000002980232,1615879308.676,
0.200000002980232,1615879308.87765,
0.200000002980232,1615879309.07847,
0.200000002980232,1615879309.28215,
0.200000002980232,1615879309.48178,
0.200000002980232,1615879309.68454,
0.200000002980232,1615879309.88573,
0.200000002980232,1615879310.09028,
0.200000002980232,1615879310.29088,
0.200000002980232,1615879310.49282,
0.200000002980232,1615879310.69441,
0.200000002980232,1615879310.89666,
0.200000002980232,1615879311.09985,
0.200000002980232,1615879311.30068,
0.200000002980232,1615879311.50283,
0.200000002980232,1615879311.70429,
0.200000002980232,1615879311.90648,
0.200000002980232,1615879312.1083,
0.200000002980232,1615879312.3108,
0.200000002980232,1615879312.51382,
0.200000002980232,1615879312.71519,
0.200000002980232,1615879312.91638,
0.200000002980232,1615879313.11775,
0.200000002980232,1615879313.31938,
0.200000002980232,1615879313.52034,
0.200000002980232,1615879313.72325,
0.200000002980232,1615879313.92427,
0.200000002980232,1615879314.12478,
0.200000002980232,1615879314.32829,
0.200000002980232,1615879314.52887,
0.200000002980232,1615879314.73009,
0.200000002980232,1615879314.93332,
0.200000002980232,1615879315.13388,
0.200000002980232,1615879315.33639,
0.200000002980232,1615879315.53891,
0.200000002980232,1615879315.73808,
0.200000002980232,1615879315.94006,
0.200000002980232,1615879316.14477,
0.200000002980232,1615879316.34509,
0.200000002980232,1615879316.54534,
0.200000002980232,1615879316.74742,
0.200000002980232,1615879316.94836,
0.200000002980232,1615879317.15079,
0.200000002980232,1615879317.35314,
0.200000002980232,1615879317.55509,
0.200000002980232,1615879317.75694,
0.200000002980232,1615879317.95856,
0.200000002980232,1615879318.16008,
0.200000002980232,1615879318.36263,
0.200000002980232,1615879318.56482,
0.200000002980232,1615879318.7658,
0.200000002980232,1615879318.96774,
0.200000002980232,1615879319.16964,
0.200000002980232,1615879319.37159,
0.200000002980232,1615879319.57354,
0.200000002980232,1615879319.77527,
0.200000002980232,1615879319.97725,
0.200000002980232,1615879320.17815,
0.200000002980232,1615879320.38235,
0.200000002980232,1615879320.58443,
0.200000002980232,1615879320.78669,
0.200000002980232,1615879320.98805,
0.200000002980232,1615879321.18832,
0.200000002980232,1615879321.39011,
0.200000002980232,1615879321.59226,
0.200000002980232,1615879321.79377,
0.200000002980232,1615879321.99559,
0.200000002980232,1615879322.19666,
0.200000002980232,1615879322.39757,
0.200000002980232,1615879322.59815,
0.200000002980232,1615879322.79957,
0.200000002980232,1615879323.00305,
0.200000002980232,1615879323.20472,
0.200000002980232,1615879323.40972,
0.200000002980232,1615879323.61116,
0.200000002980232,1615879323.8132,
0.200000002980232,1615879324.01576,
0.200000002980232,1615879324.2159,
0.200000002980232,1615879324.42181,
0.200000002980232,1615879324.623,
0.200000002980232,1615879324.82109,
0.200000002980232,1615879325.02526,
0.200000002980232,1615879325.22899,
0.200000002980232,1615879325.43425,
0.200000002980232,1615879325.63521,
0.200000002980232,1615879325.83606,
0.200000002980232,1615879326.03873,
0.200000002980232,1615879326.2408,
0.200000002980232,1615879326.44123,
0.200000002980232,1615879326.64319,
0.200000002980232,1615879326.84497,
0.200000002980232,1615879327.0458,
0.200000002980232,1615879327.24775,
0.200000002980232,1615879327.44963,
0.200000002980232,1615879327.65091,
0.200000002980232,1615879327.85385,
0.200000002980232,1615879328.05733,
0.200000002980232,1615879328.25931,
0.200000002980232,1615879328.46691,
0.200000002980232,1615879328.66875,
0.200000002980232,1615879328.87001,
0.200000002980232,1615879329.07221,
0.200000002980232,1615879329.2753,
0.200000002980232,1615879329.47508,
0.200000002980232,1615879329.67595,
0.200000002980232,1615879329.87663,
0.200000002980232,1615879330.07959,
0.200000002980232,1615879330.28093,
0.200000002980232,1615879330.48422,
0.200000002980232,1615879330.68481,
0.200000002980232,1615879330.88702,
0.200000002980232,1615879331.09041,
0.200000002980232,1615879331.29166,
0.200000002980232,1615879331.49787,
0.200000002980232,1615879331.69646,
0.200000002980232,1615879331.89826,
0.200000002980232,1615879332.101,
0.200000002980232,1615879332.30216,
0.200000002980232,1615879332.50343,
0.200000002980232,1615879332.70662,
0.200000002980232,1615879332.90714,
0.200000002980232,1615879333.10855,
0.200000002980232,1615879333.31049,
0.200000002980232,1615879333.51212,
0.200000002980232,1615879333.71391,
0.200000002980232,1615879333.91469,
0.200000002980232,1615879334.11624,
0.200000002980232,1615879334.31844,
0.200000002980232,1615879334.51982,
0.200000002980232,1615879334.72287,
0.200000002980232,1615879334.92363,
0.200000002980232,1615879335.12527,
0.200000002980232,1615879335.32732,
0.200000002980232,1615879335.52944,
0.200000002980232,1615879335.73119,
0.200000002980232,1615879335.93165,
0.200000002980232,1615879336.1335,
0.200000002980232,1615879336.33726,
0.200000002980232,1615879336.53821,
0.200000002980232,1615879336.74016,
0.200000002980232,1615879336.94075,
0.200000002980232,1615879337.14322,
0.200000002980232,1615879337.3459,
0.200000002980232,1615879337.54708,
0.200000002980232,1615879337.74775,
0.200000002980232,1615879337.95067,
0.200000002980232,1615879338.15325,
0.200000002980232,1615879338.3544,
0.200000002980232,1615879338.55602,
0.200000002980232,1615879338.75824,
0.200000002980232,1615879338.9597,
0.200000002980232,1615879339.16099,
0.200000002980232,1615879339.36666,
0.200000002980232,1615879339.57089,
0.200000002980232,1615879339.7702,
0.200000002980232,1615879339.97151,
0.200000002980232,1615879340.17511,
0.200000002980232,1615879340.37635,
0.200000002980232,1615879340.57845,
0.200000002980232,1615879340.77919,
0.200000002980232,1615879340.98054,
0.200000002980232,1615879341.18191,
0.200000002980232,1615879341.38753,
0.200000002980232,1615879341.58658,
0.200000002980232,1615879341.78886,
0.200000002980232,1615879341.99106,
0.200000002980232,1615879342.19173,
0.200000002980232,1615879342.39728,
0.200000002980232,1615879342.59832,
0.200000002980232,1615879342.80299,
0.200000002980232,1615879343.00456,
0.200000002980232,1615879343.20591,
0.200000002980232,1615879343.41103,
0.200000002980232,1615879343.61107,
0.200000002980232,1615879343.81397,
0.200000002980232,1615879344.01608,
0.200000002980232,1615879344.21624,
0.200000002980232,1615879344.41829,
0.200000002980232,1615879344.62033,
0.200000002980232,1615879344.82548,
0.200000002980232,1615879345.02414,
0.200000002980232,1615879345.22716,
0.200000002980232,1615879345.42826,
0.200000002980232,1615879345.63042,
0.200000002980232,1615879345.83347,
0.200000002980232,1615879346.03666,
0.200000002980232,1615879346.23723,
0.200000002980232,1615879346.43888,
0.200000002980232,1615879346.6427,
0.200000002980232,1615879346.84368,
0.200000002980232,1615879347.04475,
0.200000002980232,1615879347.24897,
0.200000002980232,1615879347.45083,
0.200000002980232,1615879347.65124,
0.200000002980232,1615879347.8534,
0.200000002980232,1615879348.05533,
0.200000002980232,1615879348.25673,
0.200000002980232,1615879348.45917,
0.200000002980232,1615879348.66011,
0.200000002980232,1615879348.86241,
0.200000002980232,1615879349.06478,
0.200000002980232,1615879349.26711,
0.200000002980232,1615879349.46662,
0.200000002980232,1615879349.67064,
0.200000002980232,1615879349.87345,
0.200000002980232,1615879350.07681,
0.200000002980232,1615879350.2769,
0.200000002980232,1615879350.47747,
0.200000002980232,1615879350.68242,
0.200000002980232,1615879350.8809,
0.200000002980232,1615879351.08399,
0.200000002980232,1615879351.28593,
0.200000002980232,1615879351.48633,
0.200000002980232,1615879351.6909,
0.200000002980232,1615879351.8921,
0.200000002980232,1615879352.09312,
0.200000002980232,1615879352.29437,
0.200000002980232,1615879352.49632,
0.200000002980232,1615879352.69653,
0.200000002980232,1615879352.89926,
0.200000002980232,1615879353.10284,
0.200000002980232,1615879353.30371,
0.200000002980232,1615879353.50518,
0.200000002980232,1615879353.70589,
0.200000002980232,1615879353.90748,
0.200000002980232,1615879354.11184,
0.200000002980232,1615879354.31063,
0.200000002980232,1615879354.51426,
0.200000002980232,1615879354.71485,
0.200000002980232,1615879354.91588,
0.200000002980232,1615879355.11835,
0.200000002980232,1615879355.32019,
0.200000002980232,1615879355.52237,
0.200000002980232,1615879355.72529,
0.200000002980232,1615879355.92714,
0.200000002980232,1615879356.12867,
0.200000002980232,1615879356.33055,
0.200000002980232,1615879356.53156,
0.200000002980232,1615879356.73252,
0.200000002980232,1615879356.93526,
0.200000002980232,1615879357.13765,
0.200000002980232,1615879357.33925,
0.200000002980232,1615879357.54021,
0.200000002980232,1615879357.74296,
0.200000002980232,1615879357.94558,
0.200000002980232,1615879358.14622,
0.200000002980232,1615879358.34818,
0.200000002980232,1615879358.55112,
0.200000002980232,1615879358.75403,
0.200000002980232,1615879358.95477,
0.200000002980232,1615879359.15559,
0.200000002980232,1615879359.35639,
0.200000002980232,1615879359.55838,
0.200000002980232,1615879359.76031,
0.200000002980232,1615879359.96226,
0.200000002980232,1615879360.16628,
0.200000002980232,1615879360.3669,
0.200000002980232,1615879360.56967,
0.200000002980232,1615879360.77258,
0.200000002980232,1615879360.97895,
0.200000002980232,1615879361.1803,
0.200000002980232,1615879361.3813,
0.200000002980232,1615879361.58342,
0.200000002980232,1615879361.78385,
0.200000002980232,1615879361.98735,
0.200000002980232,1615879362.18927,
0.200000002980232,1615879362.38926,
0.200000002980232,1615879362.59085,
0.200000002980232,1615879362.793,
0.200000002980232,1615879362.99556,
0.200000002980232,1615879363.19809,
0.200000002980232,1615879363.39851,
0.200000002980232,1615879363.60055,
0.200000002980232,1615879363.80326,
0.200000002980232,1615879364.00814,
0.200000002980232,1615879364.20997,
0.200000002980232,1615879364.41264,
0.200000002980232,1615879364.61547,
0.200000002980232,1615879364.81679,
0.200000002980232,1615879365.01808,
0.200000002980232,1615879365.22367,
0.200000002980232,1615879365.42208,
0.200000002980232,1615879365.62612,
0.200000002980232,1615879365.82669,
0.200000002980232,1615879366.0277,
0.200000002980232,1615879366.23128,
0.200000002980232,1615879366.43457,
0.200000002980232,1615879366.6342,
0.200000002980232,1615879366.8358,
0.200000002980232,1615879367.03696,
0.200000002980232,1615879367.2403,
0.200000002980232,1615879367.44294,
0.200000002980232,1615879367.64335,
0.200000002980232,1615879367.84408,
0.200000002980232,1615879368.04607,
0.200000002980232,1615879368.24913,
0.200000002980232,1615879368.45149,
0.200000002980232,1615879368.65303,
0.200000002980232,1615879368.85385,
0.200000002980232,1615879369.05547,
0.200000002980232,1615879369.25876,
0.200000002980232,1615879369.45897,
0.200000002980232,1615879369.66226,
0.200000002980232,1615879369.86481,
0.200000002980232,1615879370.06575,
0.200000002980232,1615879370.26709,
0.200000002980232,1615879370.46928,
0.200000002980232,1615879370.67039,
0.200000002980232,1615879370.87316,
0.200000002980232,1615879371.07582,
0.200000002980232,1615879371.27587,
0.200000002980232,1615879371.47581,
0.200000002980232,1615879371.67869,
0.200000002980232,1615879371.881,
0.200000002980232,1615879372.08254,
0.200000002980232,1615879372.28443,
0.200000002980232,1615879372.48589,
0.200000002980232,1615879372.68921,
0.200000002980232,1615879372.89442,
0.200000002980232,1615879373.09821,
0.200000002980232,1615879373.29659,
0.200000002980232,1615879373.49892,
0.200000002980232,1615879373.70185,
0.200000002980232,1615879373.90331,
0.200000002980232,1615879374.1045,
0.200000002980232,1615879374.3075,
0.200000002980232,1615879374.50903,
0.200000002980232,1615879374.71025,
0.200000002980232,1615879374.9125,
0.200000002980232,1615879375.11518,
0.200000002980232,1615879375.3158,
0.200000002980232,1615879375.51838,
0.200000002980232,1615879375.71893,
0.200000002980232,1615879375.92152,
0.200000002980232,1615879376.12263,
0.200000002980232,1615879376.32379,
0.200000002980232,1615879376.52547,
0.200000002980232,1615879376.72913,
0.200000002980232,1615879376.9281,
0.200000002980232,1615879377.12964,
0.200000002980232,1615879377.33142,
0.200000002980232,1615879377.53344,
0.200000002980232,1615879377.7358,
0.200000002980232,1615879377.93953,
0.200000002980232,1615879378.13846,
0.200000002980232,1615879378.34219,
0.200000002980232,1615879378.54349,
0.200000002980232,1615879378.74449,
0.200000002980232,1615879378.94543,
0.200000002980232,1615879379.14848,
0.200000002980232,1615879379.35007,
0.200000002980232,1615879379.55079,
0.200000002980232,1615879379.75384,
0.200000002980232,1615879379.95415,
0.200000002980232,1615879380.15731,
0.200000002980232,1615879380.35761,
0.200000002980232,1615879380.55996,
0.200000002980232,1615879380.76227,
0.200000002980232,1615879380.96436,
0.200000002980232,1615879381.16644,
0.200000002980232,1615879381.37,
0.200000002980232,1615879381.57077,
0.200000002980232,1615879381.77163,
0.200000002980232,1615879381.97486,
0.200000002980232,1615879382.17762,
0.200000002980232,1615879382.3798,
0.200000002980232,1615879382.58269,
0.200000002980232,1615879382.78228,
0.200000002980232,1615879382.98695,
0.200000002980232,1615879383.1877,
0.200000002980232,1615879383.39072,
0.200000002980232,1615879383.59189,
0.200000002980232,1615879383.79268,
0.200000002980232,1615879383.99318,
0.200000002980232,1615879384.19719,
0.200000002980232,1615879384.39875,
0.200000002980232,1615879384.59875,
0.200000002980232,1615879384.80073,
0.200000002980232,1615879385.00256,
0.200000002980232,1615879385.20335,
0.200000002980232,1615879385.40566,
0.200000002980232,1615879385.60639,
0.200000002980232,1615879385.80857,
0.200000002980232,1615879386.00876,
0.200000002980232,1615879386.2102,
0.200000002980232,1615879386.4118,
0.200000002980232,1615879386.61369,
0.200000002980232,1615879386.81555,
0.200000002980232,1615879387.01655,
0.200000002980232,1615879387.21855,
0.200000002980232,1615879387.42041,
0.200000002980232,1615879387.62122,
0.200000002980232,1615879387.82223,
0.200000002980232,1615879388.02363,
0.200000002980232,1615879388.22654,
0.200000002980232,1615879388.42723,
0.200000002980232,1615879388.63045,
0.200000002980232,1615879388.8309,
0.200000002980232,1615879389.03305,
0.200000002980232,1615879389.23258,
0.200000002980232,1615879389.43511,
0.200000002980232,1615879389.63658,
0.200000002980232,1615879389.83856,
0.200000002980232,1615879390.03886,
0.200000002980232,1615879390.24038,
0.200000002980232,1615879390.44297,
0.200000002980232,1615879390.64408,
0.200000002980232,1615879390.84661,
0.200000002980232,1615879391.04761,
0.200000002980232,1615879391.2486,
0.200000002980232,1615879391.45106,
0.200000002980232,1615879391.65226,
0.200000002980232,1615879391.85357,
0.200000002980232,1615879392.05506,
0.200000002980232,1615879392.25701,
0.200000002980232,1615879392.45906,
0.200000002980232,1615879392.65865,
0.200000002980232,1615879392.86054,
0.200000002980232,1615879393.0678,
0.200000002980232,1615879393.27059,
0.200000002980232,1615879393.4716,
0.200000002980232,1615879393.67138,
0.200000002980232,1615879393.87433,
0.200000002980232,1615879394.07525,
0.200000002980232,1615879394.27717,
0.200000002980232,1615879394.47769,
0.200000002980232,1615879394.67922,
0.200000002980232,1615879394.88232,
0.200000002980232,1615879395.08301,
0.200000002980232,1615879395.28344,
0.200000002980232,1615879395.48634,
0.200000002980232,1615879395.68683,
0.200000002980232,1615879395.88968,
0.200000002980232,1615879396.09245,
0.200000002980232,1615879396.29489,
0.200000002980232,1615879396.49594,
0.200000002980232,1615879396.69672,
0.200000002980232,1615879396.89947,
0.200000002980232,1615879397.10105,
0.200000002980232,1615879397.30173,
0.200000002980232,1615879397.50399,
0.200000002980232,1615879397.70633,
0.200000002980232,1615879397.90606,
0.200000002980232,1615879398.10755,
0.200000002980232,1615879398.31005,
0.200000002980232,1615879398.51139,
0.200000002980232,1615879398.71184,
0.200000002980232,1615879398.91572,
0.200000002980232,1615879399.11543,
0.200000002980232,1615879399.31666,
0.200000002980232,1615879399.51877,
0.200000002980232,1615879399.72157,
0.200000002980232,1615879399.92182,
0.200000002980232,1615879400.12253,
0.200000002980232,1615879400.32308,
0.200000002980232,1615879400.52585,
0.200000002980232,1615879400.72767,
0.200000002980232,1615879400.92749,
0.200000002980232,1615879401.12913,
0.200000002980232,1615879401.33169,
0.200000002980232,1615879401.53143,
0.200000002980232,1615879401.73374,
0.200000002980232,1615879401.93385,
0.200000002980232,1615879402.13599,
0.200000002980232,1615879402.33816,
0.200000002980232,1615879402.54054,
0.200000002980232,1615879402.74181,
0.200000002980232,1615879402.9422,
